Id,Label,Usage
1,2,Private
2,2,Public
3,2,Private
4,2,Public
5,1,Private
6,0,Public
7,0,Private
8,2,Public
9,2,Private
10,2,Public
11,2,Private
12,1,Public
13,2,Private
14,0,Public
15,2,Private
16,0,Public
17,1,Private
18,2,Public
19,1,Private
20,0,Public
21,1,Private
22,1,Public
23,1,Private
24,2,Public
25,1,Private
26,1,Public
27,1,Private
28,2,Public
29,0,Private
30,0,Public
31,2,Private
32,1,Public
33,0,Private
34,1,Public
35,2,Private
36,1,Public
37,0,Private
38,0,Public
39,2,Private
40,2,Public
41,0,Private
42,0,Public
43,1,Private
44,2,Public
45,1,Private
46,2,Public
47,2,Private
48,1,Public
49,0,Private
50,0,Public
51,2,Private
52,0,Public
53,1,Private
54,1,Public
55,1,Private
56,2,Public
57,0,Private
58,0,Public
59,1,Private
60,2,Public
61,2,Private
62,2,Public
63,1,Private
64,0,Public
65,2,Private
66,0,Public
67,2,Private
68,0,Public
69,2,Private
70,0,Public
71,1,Private
72,1,Public
73,1,Private
74,2,Public
75,0,Private
76,1,Public
77,0,Private
78,2,Public
79,0,Private
80,2,Public
81,1,Private
82,2,Public
83,1,Private
84,0,Public
85,1,Private
86,2,Public
87,0,Private
88,2,Public
89,1,Private
90,2,Public
91,0,Private
92,2,Public
93,1,Private
94,1,Public
95,2,Private
96,0,Public
97,0,Private
98,0,Public
99,0,Private
100,2,Public
101,1,Private
102,1,Public
103,0,Private
104,2,Public
105,2,Private
106,1,Public
107,0,Private
108,2,Public
109,2,Private
110,0,Public
111,1,Private
112,0,Public
113,1,Private
114,2,Public
115,1,Private
116,0,Public
117,0,Private
118,2,Public
119,1,Private
120,0,Public
121,1,Private
122,1,Public
123,0,Private
124,1,Public
125,0,Private
126,2,Public
127,2,Private
128,2,Public
129,0,Private
130,0,Public
131,2,Private
132,0,Public
133,1,Private
134,0,Public
135,2,Private
136,2,Public
137,1,Private
138,2,Public
139,2,Private
140,0,Public
141,2,Private
142,2,Public
143,0,Private
144,2,Public
145,1,Private
146,2,Public
147,0,Private
148,1,Public
149,1,Private
150,2,Public
151,0,Private
152,0,Public
153,0,Private
154,0,Public
155,1,Private
156,2,Public
157,1,Private
158,0,Public
159,2,Private
160,0,Public
161,2,Private
162,2,Public
163,2,Private
164,2,Public
165,0,Private
166,2,Public
167,2,Private
168,1,Public
169,1,Private
170,2,Public
171,1,Private
172,2,Public
173,0,Private
174,2,Public
175,0,Private
176,1,Public
177,0,Private
178,0,Public
179,1,Private
180,0,Public
181,2,Private
182,2,Public
183,2,Private
184,2,Public
185,1,Private
186,0,Public
187,1,Private
188,1,Public
189,2,Private
190,2,Public
191,1,Private
192,1,Public
193,0,Private
194,1,Public
195,0,Private
196,1,Public
197,1,Private
198,1,Public
199,2,Private
200,1,Public
201,1,Private
202,1,Public
203,2,Private
204,0,Public
205,2,Private
206,1,Public
207,0,Private
208,0,Public
209,1,Private
210,2,Public
211,1,Private
212,1,Public
213,0,Private
214,2,Public
215,2,Private
216,2,Public
217,1,Private
218,0,Public
219,0,Private
220,2,Public
221,2,Private
222,0,Public
223,1,Private
224,0,Public
225,0,Private
226,0,Public
227,2,Private
228,1,Public
229,2,Private
230,2,Public
231,1,Private
232,0,Public
233,0,Private
234,1,Public
235,1,Private
236,1,Public
237,2,Private
238,0,Public
239,1,Private
240,2,Public
241,2,Private
242,0,Public
243,1,Private
244,0,Public
245,0,Private
246,0,Public
247,1,Private
248,0,Public
249,0,Private
250,1,Public
251,1,Private
252,2,Public
253,0,Private
254,1,Public
255,0,Private
256,2,Public
257,2,Private
258,2,Public
259,0,Private
260,0,Public
261,2,Private
262,2,Public
263,1,Private
264,0,Public
265,0,Private
266,1,Public
267,2,Private
268,1,Public
269,1,Private
270,1,Public
271,1,Private
272,0,Public
273,2,Private
274,2,Public
275,1,Private
276,1,Public
277,0,Private
278,2,Public
279,0,Private
280,2,Public
281,2,Private
282,0,Public
283,2,Private
284,1,Public
285,2,Private
286,2,Public
287,1,Private
288,2,Public
289,0,Private
290,1,Public
291,2,Private
292,1,Public
293,1,Private
294,1,Public
295,2,Private
296,2,Public
297,1,Private
298,1,Public
299,2,Private
300,1,Public
301,2,Private
302,0,Public
303,0,Private
304,2,Public
305,2,Private
306,1,Public
307,0,Private
308,1,Public
309,0,Private
310,1,Public
311,1,Private
312,2,Public
313,0,Private
314,1,Public
315,1,Private
316,0,Public
317,0,Private
318,2,Public
319,0,Private
320,1,Public
321,2,Private
322,2,Public
323,1,Private
324,1,Public
325,0,Private
326,2,Public
327,1,Private
328,2,Public
329,0,Private
330,0,Public
331,0,Private
332,1,Public
333,2,Private
334,0,Public
335,0,Private
336,2,Public
337,0,Private
338,2,Public
339,2,Private
340,0,Public
341,2,Private
342,1,Public
343,1,Private
344,0,Public
345,1,Private
346,2,Public
347,1,Private
348,0,Public
349,2,Private
350,1,Public
351,2,Private
352,1,Public
353,2,Private
354,0,Public
355,2,Private
356,0,Public
357,1,Private
358,0,Public
359,2,Private
360,2,Public
361,2,Private
362,1,Public
363,0,Private
364,0,Public
365,2,Private
366,1,Public
367,2,Private
368,2,Public
369,0,Private
370,1,Public
371,2,Private
372,2,Public
373,2,Private
374,1,Public
375,0,Private
376,2,Public
377,2,Private
378,0,Public
379,2,Private
380,1,Public
381,0,Private
382,1,Public
383,1,Private
384,0,Public
385,1,Private
386,1,Public
387,1,Private
388,1,Public
389,1,Private
390,2,Public
391,2,Private
392,1,Public
393,0,Private
394,2,Public
395,2,Private
396,2,Public
397,1,Private
398,1,Public
399,0,Private
400,2,Public
401,0,Private
402,0,Public
403,2,Private
404,0,Public
405,1,Private
406,0,Public
407,2,Private
408,1,Public
409,0,Private
410,2,Public
411,2,Private
412,0,Public
413,2,Private
414,0,Public
415,0,Private
416,1,Public
417,2,Private
418,0,Public
419,1,Private
420,0,Public
421,0,Private
422,2,Public
423,1,Private
424,1,Public
425,0,Private
426,2,Public
427,2,Private
428,0,Public
429,1,Private
430,2,Public
431,2,Private
432,1,Public
433,2,Private
434,1,Public
435,0,Private
436,1,Public
437,2,Private
438,2,Public
439,2,Private
440,1,Public
441,2,Private
442,1,Public
443,2,Private
444,2,Public
445,0,Private
446,0,Public
447,0,Private
448,2,Public
449,1,Private
450,1,Public
451,2,Private
452,1,Public
453,2,Private
454,2,Public
455,0,Private
456,2,Public
457,2,Private
458,2,Public
459,1,Private
460,0,Public
461,1,Private
462,1,Public
463,0,Private
464,1,Public
465,0,Private
466,0,Public
467,0,Private
468,0,Public
469,0,Private
470,0,Public
471,2,Private
472,2,Public
473,1,Private
474,0,Public
475,0,Private
476,2,Public
477,0,Private
478,0,Public
479,2,Private
480,1,Public
481,0,Private
482,0,Public
483,1,Private
484,1,Public
485,2,Private
486,0,Public
487,2,Private
488,0,Public
489,1,Private
490,2,Public
491,2,Private
492,0,Public
493,2,Private
494,1,Public
495,0,Private
496,1,Public
497,0,Private
498,0,Public
499,0,Private
500,2,Public
501,1,Private
502,1,Public
503,2,Private
504,2,Public
505,0,Private
506,2,Public
507,1,Private
508,0,Public
509,0,Private
510,2,Public
511,2,Private
512,0,Public
513,1,Private
514,2,Public
515,2,Private
516,2,Public
517,0,Private
518,1,Public
519,2,Private
520,1,Public
521,2,Private
522,2,Public
523,0,Private
524,2,Public
525,1,Private
526,2,Public
527,2,Private
528,1,Public
529,0,Private
530,2,Public
531,2,Private
532,0,Public
533,0,Private
534,0,Public
535,0,Private
536,1,Public
537,2,Private
538,1,Public
539,0,Private
540,2,Public
541,1,Private
542,0,Public
543,2,Private
544,0,Public
545,0,Private
546,2,Public
547,0,Private
548,1,Public
549,1,Private
550,1,Public
551,2,Private
552,2,Public
553,2,Private
554,0,Public
555,0,Private
556,0,Public
557,0,Private
558,0,Public
559,0,Private
560,0,Public
561,0,Private
562,2,Public
563,2,Private
564,2,Public
565,1,Private
566,0,Public
567,1,Private
568,1,Public
569,2,Private
570,1,Public
571,0,Private
572,0,Public
573,0,Private
574,2,Public
575,0,Private
576,2,Public
577,2,Private
578,2,Public
579,2,Private
580,2,Public
581,0,Private
582,2,Public
583,2,Private
584,1,Public
585,2,Private
586,0,Public
587,0,Private
588,0,Public
589,0,Private
590,0,Public
591,1,Private
592,2,Public
593,2,Private
594,0,Public
595,0,Private
596,2,Public
597,1,Private
598,0,Public
599,1,Private
600,2,Public
601,1,Private
602,2,Public
603,1,Private
604,0,Public
605,2,Private
606,0,Public
607,2,Private
608,0,Public
609,2,Private
610,1,Public
611,1,Private
612,0,Public
613,1,Private
614,0,Public
615,1,Private
616,0,Public
617,2,Private
618,2,Public
619,1,Private
620,1,Public
621,2,Private
622,2,Public
623,2,Private
624,1,Public
625,2,Private
626,2,Public
627,0,Private
628,1,Public
629,2,Private
630,1,Public
631,1,Private
632,2,Public
633,0,Private
634,0,Public
635,1,Private
636,1,Public
637,2,Private
638,2,Public
639,2,Private
640,0,Public
641,0,Private
642,1,Public
643,1,Private
644,0,Public
645,0,Private
646,1,Public
647,2,Private
648,2,Public
649,2,Private
650,2,Public
651,1,Private
652,2,Public
653,2,Private
654,2,Public
655,2,Private
656,0,Public
657,1,Private
658,2,Public
659,2,Private
660,2,Public
661,1,Private
662,2,Public
663,2,Private
664,1,Public
665,2,Private
666,1,Public
667,0,Private
668,2,Public
669,1,Private
670,1,Public
671,0,Private
672,1,Public
673,2,Private
674,1,Public
675,2,Private
676,2,Public
677,0,Private
678,0,Public
679,1,Private
680,2,Public
681,2,Private
682,2,Public
683,1,Private
684,2,Public
685,2,Private
686,0,Public
687,1,Private
688,0,Public
689,2,Private
690,0,Public
691,2,Private
692,0,Public
693,2,Private
694,2,Public
695,1,Private
696,2,Public
697,0,Private
698,2,Public
699,2,Private
700,0,Public
701,0,Private
702,2,Public
703,0,Private
704,0,Public
705,1,Private
706,2,Public
707,0,Private
708,2,Public
709,2,Private
710,1,Public
711,0,Private
712,2,Public
713,1,Private
714,2,Public
715,1,Private
716,2,Public
717,2,Private
718,2,Public
719,2,Private
720,2,Public
721,0,Private
722,2,Public
723,0,Private
724,1,Public
725,1,Private
726,2,Public
727,1,Private
728,2,Public
729,1,Private
730,0,Public
731,1,Private
732,0,Public
733,0,Private
734,2,Public
735,0,Private
736,0,Public
737,1,Private
738,2,Public
739,2,Private
740,0,Public
741,2,Private
742,0,Public
743,2,Private
744,2,Public
745,0,Private
746,0,Public
747,0,Private
748,0,Public
749,2,Private
750,1,Public
751,1,Private
752,2,Public
753,1,Private
754,0,Public
755,0,Private
756,1,Public
757,2,Private
758,0,Public
759,0,Private
760,0,Public
761,1,Private
762,2,Public
763,2,Private
764,1,Public
765,2,Private
766,1,Public
767,2,Private
768,0,Public
769,0,Private
770,0,Public
771,1,Private
772,1,Public
773,2,Private
774,1,Public
775,2,Private
776,2,Public
777,1,Private
778,2,Public
779,1,Private
780,2,Public
781,1,Private
782,0,Public
783,1,Private
784,2,Public
785,2,Private
786,0,Public
787,1,Private
788,2,Public
789,2,Private
790,2,Public
791,2,Private
792,1,Public
793,0,Private
794,0,Public
795,2,Private
796,2,Public
797,2,Private
798,0,Public
799,1,Private
800,0,Public
801,0,Private
802,0,Public
803,0,Private
804,0,Public
805,2,Private
806,2,Public
807,2,Private
808,1,Public
809,1,Private
810,2,Public
811,2,Private
812,0,Public
813,0,Private
814,2,Public
815,1,Private
816,1,Public
817,2,Private
818,0,Public
819,1,Private
820,0,Public
821,1,Private
822,0,Public
823,0,Private
824,0,Public
825,1,Private
826,0,Public
827,2,Private
828,1,Public
829,0,Private
830,0,Public
831,2,Private
832,2,Public
833,2,Private
834,2,Public
835,2,Private
836,0,Public
837,1,Private
838,0,Public
839,2,Private
840,2,Public
841,0,Private
842,1,Public
843,1,Private
844,1,Public
845,2,Private
846,0,Public
847,2,Private
848,1,Public
849,0,Private
850,0,Public
851,0,Private
852,2,Public
853,2,Private
854,0,Public
855,0,Private
856,2,Public
857,1,Private
858,2,Public
859,0,Private
860,1,Public
861,0,Private
862,0,Public
863,2,Private
864,2,Public
865,1,Private
866,1,Public
867,0,Private
868,2,Public
869,0,Private
870,0,Public
871,2,Private
872,2,Public
873,2,Private
874,2,Public
875,1,Private
876,0,Public
877,2,Private
878,1,Public
879,2,Private
880,2,Public
881,0,Private
882,2,Public
883,0,Private
884,2,Public
885,1,Private
886,0,Public
887,1,Private
888,1,Public
889,1,Private
890,1,Public
891,2,Private
892,1,Public
893,0,Private
894,0,Public
895,2,Private
896,2,Public
897,1,Private
898,2,Public
899,0,Private
900,2,Public
901,0,Private
902,2,Public
903,2,Private
904,1,Public
905,1,Private
906,0,Public
907,1,Private
908,1,Public
909,2,Private
910,0,Public
911,0,Private
912,1,Public
913,2,Private
914,1,Public
915,1,Private
916,0,Public
917,2,Private
918,0,Public
919,2,Private
920,2,Public
921,0,Private
922,0,Public
923,2,Private
924,2,Public
925,0,Private
926,0,Public
927,1,Private
928,2,Public
929,0,Private
930,0,Public
931,0,Private
932,0,Public
933,0,Private
934,0,Public
935,2,Private
936,2,Public
937,2,Private
938,1,Public
939,0,Private
940,1,Public
941,0,Private
942,0,Public
943,2,Private
944,2,Public
945,1,Private
946,0,Public
947,2,Private
948,1,Public
949,1,Private
950,1,Public
951,0,Private
952,2,Public
953,2,Private
954,0,Public
955,2,Private
956,2,Public
957,0,Private
958,0,Public
959,1,Private
960,1,Public
961,1,Private
962,2,Public
963,2,Private
964,0,Public
965,1,Private
966,0,Public
967,0,Private
968,0,Public
969,2,Private
970,1,Public
971,0,Private
972,2,Public
973,2,Private
974,2,Public
975,1,Private
976,0,Public
977,2,Private
978,0,Public
979,2,Private
980,1,Public
981,1,Private
982,2,Public
983,1,Private
984,0,Public
985,2,Private
986,2,Public
987,0,Private
988,0,Public
989,1,Private
990,0,Public
991,1,Private
992,1,Public
993,2,Private
994,0,Public
995,2,Private
996,2,Public
997,1,Private
998,2,Public
999,2,Private
1000,1,Public
1001,1,Private
1002,1,Public
1003,0,Private
1004,2,Public
1005,1,Private
1006,0,Public
1007,0,Private
1008,0,Public
1009,2,Private
1010,0,Public
1011,2,Private
1012,1,Public
1013,2,Private
1014,0,Public
1015,2,Private
1016,1,Public
1017,2,Private
1018,2,Public
1019,0,Private
1020,1,Public
1021,2,Private
1022,1,Public
1023,0,Private
1024,2,Public
1025,0,Private
1026,2,Public
1027,0,Private
1028,2,Public
1029,1,Private
1030,2,Public
1031,0,Private
1032,1,Public
1033,1,Private
1034,1,Public
1035,0,Private
1036,0,Public
1037,1,Private
1038,1,Public
1039,2,Private
1040,0,Public
1041,0,Private
1042,0,Public
1043,0,Private
1044,2,Public
1045,0,Private
1046,2,Public
1047,1,Private
1048,0,Public
1049,0,Private
1050,0,Public
1051,1,Private
1052,2,Public
1053,0,Private
1054,1,Public
1055,0,Private
1056,1,Public
1057,0,Private
1058,0,Public
1059,1,Private
1060,0,Public
1061,2,Private
1062,1,Public
1063,0,Private
1064,0,Public
1065,0,Private
1066,1,Public
1067,0,Private
1068,1,Public
1069,2,Private
1070,0,Public
1071,1,Private
1072,2,Public
1073,1,Private
1074,2,Public
1075,0,Private
1076,1,Public
1077,2,Private
1078,0,Public
1079,0,Private
1080,1,Public
1081,2,Private
1082,1,Public
1083,2,Private
1084,1,Public
1085,0,Private
1086,2,Public
1087,0,Private
1088,1,Public
1089,0,Private
1090,1,Public
1091,1,Private
1092,0,Public
1093,1,Private
1094,2,Public
1095,1,Private
1096,2,Public
1097,0,Private
1098,1,Public
1099,0,Private
1100,2,Public
1101,2,Private
1102,0,Public
1103,0,Private
1104,0,Public
1105,2,Private
1106,2,Public
1107,0,Private
1108,1,Public
1109,2,Private
1110,2,Public
1111,1,Private
1112,0,Public
1113,0,Private
1114,2,Public
1115,0,Private
1116,1,Public
1117,0,Private
1118,2,Public
1119,2,Private
1120,0,Public
1121,1,Private
1122,2,Public
1123,2,Private
1124,0,Public
1125,2,Private
1126,2,Public
1127,2,Private
1128,2,Public
1129,0,Private
1130,0,Public
1131,1,Private
1132,0,Public
1133,2,Private
1134,2,Public
1135,1,Private
1136,1,Public
1137,0,Private
1138,1,Public
1139,2,Private
1140,1,Public
1141,0,Private
1142,0,Public
1143,2,Private
1144,2,Public
1145,2,Private
1146,0,Public
1147,0,Private
1148,1,Public
1149,1,Private
1150,1,Public
1151,2,Private
1152,2,Public
1153,1,Private
1154,2,Public
1155,2,Private
1156,1,Public
1157,2,Private
1158,2,Public
1159,2,Private
1160,2,Public
1161,1,Private
1162,0,Public
1163,0,Private
1164,1,Public
1165,0,Private
1166,1,Public
1167,1,Private
1168,0,Public
1169,2,Private
1170,2,Public
1171,2,Private
1172,2,Public
1173,1,Private
1174,2,Public
1175,1,Private
1176,2,Public
1177,2,Private
1178,0,Public
1179,0,Private
1180,0,Public
1181,1,Private
1182,2,Public
1183,2,Private
1184,2,Public
1185,2,Private
1186,0,Public
1187,2,Private
1188,0,Public
1189,0,Private
1190,1,Public
1191,1,Private
1192,2,Public
1193,1,Private
1194,2,Public
1195,1,Private
1196,1,Public
1197,0,Private
1198,1,Public
1199,2,Private
1200,2,Public
1201,0,Private
1202,2,Public
1203,2,Private
1204,2,Public
1205,1,Private
1206,2,Public
1207,0,Private
1208,2,Public
1209,0,Private
1210,2,Public
1211,1,Private
1212,0,Public
1213,2,Private
1214,2,Public
1215,2,Private
1216,1,Public
1217,0,Private
1218,2,Public
1219,0,Private
1220,1,Public
1221,2,Private
1222,0,Public
1223,0,Private
1224,2,Public
1225,0,Private
1226,2,Public
1227,0,Private
1228,1,Public
1229,1,Private
1230,1,Public
1231,0,Private
1232,0,Public
1233,2,Private
1234,2,Public
1235,0,Private
1236,2,Public
1237,0,Private
1238,2,Public
1239,2,Private
1240,1,Public
1241,1,Private
1242,2,Public
1243,1,Private
1244,1,Public
1245,2,Private
1246,1,Public
1247,2,Private
1248,0,Public
1249,2,Private
1250,2,Public
1251,1,Private
1252,0,Public
1253,2,Private
1254,2,Public
1255,2,Private
1256,2,Public
1257,2,Private
1258,2,Public
1259,1,Private
1260,2,Public
1261,1,Private
1262,1,Public
1263,0,Private
1264,2,Public
1265,0,Private
1266,2,Public
1267,1,Private
1268,1,Public
1269,0,Private
1270,0,Public
1271,0,Private
1272,1,Public
1273,2,Private
1274,2,Public
1275,0,Private
1276,2,Public
1277,1,Private
1278,0,Public
1279,2,Private
1280,0,Public
1281,1,Private
1282,1,Public
1283,0,Private
1284,0,Public
1285,0,Private
1286,1,Public
1287,2,Private
1288,0,Public
1289,1,Private
1290,0,Public
1291,0,Private
1292,2,Public
1293,2,Private
1294,1,Public
1295,0,Private
1296,2,Public
1297,0,Private
1298,2,Public
1299,2,Private
1300,2,Public
1301,2,Private
1302,1,Public
1303,0,Private
1304,0,Public
1305,0,Private
1306,2,Public
1307,1,Private
1308,0,Public
1309,2,Private
1310,1,Public
1311,1,Private
1312,2,Public
1313,2,Private
1314,2,Public
1315,2,Private
1316,1,Public
1317,1,Private
1318,2,Public
1319,1,Private
1320,0,Public
1321,0,Private
1322,0,Public
1323,1,Private
1324,2,Public
1325,0,Private
1326,1,Public
1327,2,Private
1328,2,Public
1329,0,Private
1330,0,Public
1331,0,Private
1332,2,Public
1333,2,Private
1334,0,Public
1335,2,Private
1336,1,Public
1337,2,Private
1338,1,Public
1339,1,Private
1340,0,Public
1341,2,Private
1342,2,Public
1343,2,Private
1344,1,Public
1345,2,Private
1346,0,Public
1347,1,Private
1348,0,Public
1349,0,Private
1350,2,Public
1351,2,Private
1352,0,Public
1353,2,Private
1354,2,Public
1355,2,Private
1356,0,Public
1357,0,Private
1358,1,Public
1359,2,Private
1360,1,Public
1361,0,Private
1362,2,Public
1363,1,Private
1364,1,Public
1365,0,Private
1366,2,Public
1367,0,Private
1368,1,Public
1369,1,Private
1370,0,Public
1371,2,Private
1372,2,Public
1373,2,Private
1374,2,Public
1375,0,Private
1376,1,Public
1377,0,Private
1378,2,Public
1379,1,Private
1380,2,Public
1381,2,Private
1382,0,Public
1383,1,Private
1384,2,Public
1385,0,Private
1386,0,Public
1387,2,Private
1388,0,Public
1389,1,Private
1390,1,Public
1391,2,Private
1392,0,Public
1393,1,Private
1394,2,Public
1395,0,Private
1396,0,Public
1397,0,Private
1398,1,Public
1399,0,Private
1400,1,Public
1401,0,Private
1402,2,Public
1403,0,Private
1404,2,Public
1405,2,Private
1406,0,Public
1407,0,Private
1408,1,Public
1409,1,Private
1410,2,Public
1411,2,Private
1412,2,Public
1413,1,Private
1414,1,Public
1415,1,Private
1416,2,Public
1417,0,Private
1418,0,Public
1419,1,Private
1420,2,Public
1421,1,Private
1422,0,Public
1423,2,Private
1424,2,Public
1425,2,Private
1426,1,Public
1427,2,Private
1428,2,Public
1429,0,Private
1430,2,Public
1431,1,Private
1432,0,Public
1433,2,Private
1434,0,Public
1435,0,Private
1436,1,Public
1437,1,Private
1438,1,Public
1439,2,Private
1440,1,Public
1441,2,Private
1442,2,Public
1443,1,Private
1444,0,Public
1445,1,Private
1446,1,Public
1447,2,Private
1448,2,Public
1449,0,Private
1450,0,Public
1451,2,Private
1452,2,Public
1453,2,Private
1454,2,Public
1455,0,Private
1456,0,Public
1457,0,Private
1458,0,Public
1459,1,Private
1460,0,Public
1461,0,Private
1462,2,Public
1463,2,Private
1464,2,Public
1465,1,Private
1466,2,Public
1467,0,Private
1468,1,Public
1469,0,Private
1470,1,Public
1471,0,Private
1472,1,Public
1473,0,Private
1474,2,Public
1475,0,Private
1476,1,Public
1477,0,Private
1478,0,Public
1479,2,Private
1480,2,Public
1481,2,Private
1482,2,Public
1483,0,Private
1484,0,Public
1485,2,Private
1486,0,Public
1487,2,Private
1488,1,Public
1489,2,Private
1490,1,Public
1491,1,Private
1492,1,Public
1493,1,Private
1494,1,Public
1495,2,Private
1496,0,Public
1497,2,Private
1498,0,Public
1499,2,Private
1500,2,Public
1501,1,Private
1502,1,Public
1503,2,Private
1504,0,Public
1505,0,Private
1506,0,Public
1507,1,Private
1508,0,Public
1509,0,Private
1510,2,Public
1511,0,Private
1512,0,Public
1513,0,Private
1514,0,Public
1515,2,Private
1516,2,Public
1517,2,Private
1518,0,Public
1519,2,Private
1520,1,Public
1521,1,Private
1522,1,Public
1523,2,Private
1524,2,Public
1525,0,Private
1526,2,Public
1527,2,Private
1528,1,Public
1529,2,Private
1530,2,Public
1531,1,Private
1532,2,Public
1533,1,Private
1534,2,Public
1535,0,Private
1536,2,Public
1537,2,Private
1538,0,Public
1539,0,Private
1540,2,Public
1541,2,Private
1542,0,Public
1543,1,Private
1544,2,Public
1545,1,Private
1546,2,Public
1547,0,Private
1548,0,Public
1549,2,Private
1550,2,Public
1551,2,Private
1552,2,Public
1553,0,Private
1554,0,Public
1555,2,Private
1556,2,Public
1557,0,Private
1558,1,Public
1559,1,Private
1560,0,Public
1561,2,Private
1562,0,Public
1563,0,Private
1564,2,Public
1565,2,Private
1566,1,Public
1567,0,Private
1568,0,Public
1569,2,Private
1570,1,Public
1571,1,Private
1572,2,Public
1573,1,Private
1574,2,Public
1575,2,Private
1576,2,Public
1577,2,Private
1578,1,Public
1579,1,Private
1580,0,Public
1581,0,Private
1582,2,Public
1583,2,Private
1584,2,Public
1585,0,Private
1586,0,Public
1587,0,Private
1588,2,Public
1589,0,Private
1590,1,Public
1591,0,Private
1592,1,Public
1593,1,Private
1594,0,Public
1595,2,Private
1596,0,Public
1597,0,Private
1598,0,Public
1599,2,Private
1600,2,Public
1601,1,Private
1602,0,Public
1603,1,Private
1604,0,Public
1605,0,Private
1606,0,Public
1607,2,Private
1608,0,Public
1609,1,Private
1610,0,Public
1611,1,Private
1612,1,Public
1613,2,Private
1614,1,Public
1615,2,Private
1616,1,Public
1617,2,Private
1618,2,Public
1619,1,Private
1620,2,Public
1621,0,Private
1622,1,Public
1623,0,Private
1624,0,Public
1625,2,Private
1626,0,Public
1627,2,Private
1628,0,Public
1629,2,Private
1630,0,Public
1631,0,Private
1632,1,Public
1633,2,Private
1634,2,Public
1635,2,Private
1636,2,Public
1637,0,Private
1638,2,Public
1639,0,Private
1640,2,Public
1641,1,Private
1642,1,Public
1643,2,Private
1644,1,Public
1645,1,Private
1646,0,Public
1647,2,Private
1648,0,Public
1649,1,Private
1650,0,Public
1651,2,Private
1652,2,Public
1653,2,Private
1654,2,Public
1655,1,Private
1656,2,Public
1657,0,Private
1658,1,Public
1659,2,Private
1660,1,Public
1661,1,Private
1662,0,Public
1663,0,Private
1664,2,Public
1665,0,Private
1666,2,Public
1667,1,Private
1668,2,Public
1669,0,Private
1670,2,Public
1671,0,Private
1672,0,Public
1673,1,Private
1674,2,Public
1675,1,Private
1676,2,Public
1677,0,Private
1678,2,Public
1679,0,Private
1680,0,Public
1681,1,Private
1682,0,Public
1683,2,Private
1684,2,Public
1685,2,Private
1686,1,Public
1687,0,Private
1688,2,Public
1689,2,Private
1690,2,Public
1691,2,Private
1692,2,Public
1693,2,Private
1694,2,Public
1695,0,Private
1696,0,Public
1697,0,Private
1698,2,Public
1699,2,Private
1700,2,Public
1701,2,Private
1702,0,Public
1703,2,Private
1704,2,Public
1705,2,Private
1706,2,Public
1707,1,Private
1708,0,Public
1709,1,Private
1710,1,Public
1711,2,Private
1712,2,Public
1713,1,Private
1714,0,Public
1715,0,Private
1716,0,Public
1717,2,Private
1718,0,Public
1719,2,Private
1720,0,Public
1721,2,Private
1722,2,Public
1723,1,Private
1724,1,Public
1725,1,Private
1726,1,Public
1727,2,Private
1728,1,Public
1729,1,Private
1730,2,Public
1731,1,Private
1732,1,Public
1733,2,Private
1734,2,Public
1735,2,Private
1736,1,Public
1737,1,Private
1738,0,Public
1739,2,Private
1740,2,Public
1741,0,Private
1742,1,Public
1743,2,Private
1744,1,Public
1745,0,Private
1746,0,Public
1747,2,Private
1748,0,Public
1749,1,Private
1750,2,Public
1751,2,Private
1752,1,Public
1753,0,Private
1754,0,Public
1755,2,Private
1756,0,Public
1757,0,Private
1758,2,Public
1759,2,Private
1760,1,Public
1761,2,Private
1762,0,Public
1763,2,Private
1764,0,Public
1765,0,Private
1766,1,Public
1767,2,Private
1768,0,Public
1769,0,Private
1770,0,Public
1771,1,Private
1772,1,Public
1773,2,Private
1774,2,Public
1775,1,Private
1776,1,Public
1777,0,Private
1778,1,Public
1779,1,Private
1780,0,Public
1781,1,Private
1782,0,Public
1783,1,Private
1784,0,Public
1785,0,Private
1786,0,Public
1787,1,Private
1788,1,Public
1789,1,Private
1790,2,Public
1791,1,Private
1792,1,Public
1793,1,Private
1794,0,Public
1795,1,Private
1796,2,Public
1797,1,Private
1798,1,Public
1799,2,Private
1800,2,Public
1801,1,Private
1802,0,Public
1803,0,Private
1804,0,Public
1805,0,Private
1806,2,Public
1807,2,Private
1808,1,Public
1809,1,Private
1810,2,Public
1811,2,Private
1812,1,Public
1813,2,Private
1814,2,Public
1815,0,Private
1816,2,Public
1817,2,Private
1818,0,Public
1819,2,Private
1820,2,Public
1821,2,Private
1822,2,Public
1823,2,Private
1824,2,Public
1825,2,Private
1826,0,Public
1827,2,Private
1828,0,Public
1829,0,Private
1830,0,Public
1831,2,Private
1832,1,Public
1833,2,Private
1834,0,Public
1835,0,Private
1836,0,Public
1837,0,Private
1838,2,Public
1839,2,Private
1840,0,Public
1841,0,Private
1842,1,Public
1843,2,Private
1844,0,Public
1845,1,Private
1846,2,Public
1847,2,Private
1848,1,Public
1849,0,Private
1850,0,Public
1851,2,Private
1852,0,Public
1853,0,Private
1854,2,Public
1855,2,Private
1856,2,Public
1857,0,Private
1858,2,Public
1859,0,Private
1860,0,Public
1861,1,Private
1862,1,Public
1863,0,Private
1864,0,Public
1865,2,Private
1866,2,Public
1867,2,Private
1868,1,Public
1869,1,Private
1870,2,Public
1871,0,Private
1872,2,Public
1873,0,Private
1874,0,Public
1875,0,Private
1876,1,Public
1877,2,Private
1878,1,Public
1879,0,Private
1880,2,Public
1881,1,Private
1882,1,Public
1883,1,Private
1884,2,Public
1885,1,Private
1886,2,Public
1887,2,Private
1888,1,Public
1889,1,Private
1890,0,Public
1891,1,Private
1892,2,Public
1893,0,Private
1894,0,Public
1895,1,Private
1896,2,Public
1897,1,Private
1898,0,Public
1899,2,Private
1900,2,Public
1901,2,Private
1902,2,Public
1903,0,Private
1904,2,Public
1905,0,Private
1906,0,Public
1907,0,Private
1908,0,Public
1909,1,Private
1910,0,Public
1911,1,Private
1912,0,Public
1913,1,Private
1914,2,Public
1915,0,Private
1916,2,Public
1917,0,Private
1918,1,Public
1919,2,Private
1920,1,Public
1921,1,Private
1922,2,Public
1923,2,Private
1924,1,Public
1925,2,Private
1926,0,Public
1927,2,Private
1928,1,Public
1929,0,Private
1930,2,Public
1931,2,Private
1932,0,Public
1933,2,Private
1934,1,Public
1935,2,Private
1936,1,Public
1937,1,Private
1938,2,Public
1939,1,Private
1940,2,Public
1941,0,Private
1942,2,Public
1943,2,Private
1944,1,Public
1945,2,Private
1946,1,Public
1947,0,Private
1948,1,Public
1949,0,Private
1950,2,Public
1951,2,Private
1952,0,Public
1953,1,Private
1954,1,Public
1955,2,Private
1956,2,Public
1957,2,Private
1958,2,Public
1959,2,Private
1960,1,Public
1961,1,Private
1962,1,Public
1963,1,Private
1964,2,Public
1965,0,Private
1966,1,Public
1967,0,Private
1968,2,Public
1969,1,Private
1970,1,Public
1971,2,Private
1972,1,Public
1973,0,Private
1974,2,Public
1975,2,Private
1976,2,Public
1977,2,Private
1978,1,Public
1979,2,Private
1980,2,Public
1981,0,Private
1982,0,Public
1983,2,Private
1984,1,Public
1985,2,Private
1986,2,Public
1987,2,Private
1988,1,Public
1989,2,Private
1990,2,Public
1991,2,Private
1992,1,Public
1993,2,Private
1994,2,Public
1995,2,Private
1996,0,Public
1997,2,Private
1998,0,Public
1999,2,Private
2000,0,Public
2001,0,Private
2002,2,Public
2003,0,Private
2004,1,Public
2005,1,Private
2006,2,Public
2007,1,Private
2008,1,Public
2009,2,Private
2010,2,Public
2011,1,Private
2012,0,Public
2013,2,Private
2014,1,Public
2015,0,Private
2016,1,Public
2017,1,Private
2018,0,Public
2019,2,Private
2020,0,Public
2021,0,Private
2022,2,Public
2023,2,Private
2024,2,Public
2025,2,Private
2026,0,Public
2027,2,Private
2028,2,Public
2029,1,Private
2030,2,Public
2031,0,Private
2032,2,Public
2033,2,Private
2034,2,Public
2035,1,Private
2036,1,Public
2037,0,Private
2038,1,Public
2039,0,Private
2040,1,Public
2041,2,Private
2042,2,Public
2043,1,Private
2044,0,Public
2045,0,Private
2046,0,Public
2047,2,Private
2048,1,Public
2049,2,Private
2050,2,Public
2051,1,Private
2052,2,Public
2053,1,Private
2054,0,Public
2055,2,Private
2056,0,Public
2057,1,Private
2058,2,Public
2059,2,Private
2060,0,Public
2061,1,Private
2062,2,Public
2063,1,Private
2064,1,Public
2065,0,Private
2066,2,Public
2067,2,Private
2068,0,Public
2069,2,Private
2070,0,Public
2071,2,Private
2072,1,Public
2073,1,Private
2074,1,Public
2075,1,Private
2076,2,Public
2077,0,Private
2078,2,Public
2079,0,Private
2080,0,Public
2081,1,Private
2082,0,Public
2083,0,Private
2084,0,Public
2085,0,Private
2086,0,Public
2087,2,Private
2088,2,Public
2089,1,Private
2090,2,Public
2091,1,Private
2092,0,Public
2093,2,Private
2094,1,Public
2095,2,Private
2096,2,Public
2097,2,Private
2098,0,Public
2099,2,Private
2100,1,Public
2101,2,Private
2102,1,Public
2103,2,Private
2104,0,Public
2105,0,Private
2106,2,Public
2107,1,Private
2108,1,Public
2109,1,Private
2110,1,Public
2111,1,Private
2112,1,Public
2113,0,Private
2114,2,Public
2115,2,Private
2116,0,Public
2117,1,Private
2118,0,Public
2119,2,Private
2120,0,Public
2121,0,Private
2122,1,Public
2123,0,Private
2124,2,Public
2125,0,Private
2126,0,Public
2127,2,Private
2128,2,Public
2129,0,Private
2130,1,Public
2131,0,Private
2132,0,Public
2133,1,Private
2134,1,Public
2135,2,Private
2136,1,Public
2137,0,Private
2138,1,Public
2139,0,Private
2140,1,Public
2141,0,Private
2142,2,Public
2143,0,Private
2144,1,Public
2145,1,Private
2146,2,Public
2147,0,Private
2148,0,Public
2149,1,Private
2150,2,Public
2151,1,Private
2152,0,Public
2153,0,Private
2154,2,Public
2155,2,Private
2156,2,Public
2157,2,Private
2158,2,Public
2159,2,Private
2160,0,Public
2161,1,Private
2162,1,Public
2163,2,Private
2164,2,Public
2165,2,Private
2166,1,Public
2167,2,Private
2168,2,Public
2169,2,Private
2170,1,Public
2171,0,Private
2172,0,Public
2173,2,Private
2174,2,Public
2175,1,Private
2176,1,Public
2177,2,Private
2178,2,Public
2179,2,Private
2180,2,Public
2181,0,Private
2182,1,Public
2183,1,Private
2184,2,Public
2185,2,Private
2186,1,Public
2187,1,Private
2188,1,Public
2189,0,Private
2190,1,Public
2191,1,Private
2192,2,Public
2193,0,Private
2194,0,Public
2195,1,Private
2196,1,Public
2197,2,Private
2198,2,Public
2199,2,Private
2200,0,Public
2201,0,Private
2202,1,Public
2203,2,Private
2204,0,Public
2205,2,Private
2206,0,Public
2207,1,Private
2208,1,Public
2209,1,Private
2210,2,Public
2211,1,Private
2212,2,Public
2213,2,Private
2214,2,Public
2215,0,Private
2216,2,Public
2217,2,Private
2218,1,Public
2219,0,Private
2220,1,Public
2221,1,Private
2222,2,Public
2223,2,Private
2224,1,Public
2225,2,Private
2226,1,Public
2227,0,Private
2228,2,Public
2229,1,Private
2230,0,Public
2231,0,Private
2232,2,Public
2233,0,Private
2234,2,Public
2235,2,Private
2236,0,Public
2237,2,Private
2238,0,Public
2239,1,Private
2240,2,Public
2241,2,Private
2242,1,Public
2243,2,Private
2244,1,Public
2245,0,Private
2246,1,Public
2247,1,Private
2248,2,Public
2249,0,Private
2250,2,Public
2251,0,Private
2252,1,Public
2253,1,Private
2254,0,Public
2255,1,Private
2256,0,Public
2257,2,Private
2258,0,Public
2259,2,Private
2260,1,Public
2261,2,Private
2262,2,Public
2263,2,Private
2264,2,Public
2265,2,Private
2266,0,Public
2267,2,Private
2268,2,Public
2269,0,Private
2270,2,Public
2271,1,Private
2272,0,Public
2273,1,Private
2274,1,Public
2275,1,Private
2276,1,Public
2277,2,Private
2278,0,Public
2279,0,Private
2280,0,Public
2281,1,Private
2282,1,Public
2283,1,Private
2284,0,Public
2285,1,Private
2286,1,Public
2287,1,Private
2288,0,Public
2289,0,Private
2290,0,Public
2291,1,Private
2292,2,Public
2293,1,Private
2294,1,Public
2295,1,Private
2296,1,Public
2297,2,Private
2298,1,Public
2299,1,Private
2300,0,Public
2301,1,Private
2302,0,Public
2303,1,Private
2304,2,Public
2305,2,Private
2306,2,Public
2307,1,Private
2308,1,Public
2309,0,Private
2310,2,Public
2311,0,Private
2312,2,Public
2313,1,Private
2314,1,Public
2315,2,Private
2316,1,Public
2317,1,Private
2318,1,Public
2319,2,Private
2320,2,Public
2321,1,Private
2322,1,Public
2323,0,Private
2324,0,Public
2325,2,Private
2326,1,Public
2327,1,Private
2328,2,Public
2329,0,Private
2330,1,Public
2331,0,Private
2332,1,Public
2333,0,Private
2334,1,Public
2335,0,Private
2336,2,Public
2337,0,Private
2338,2,Public
2339,0,Private
2340,0,Public
2341,0,Private
2342,0,Public
2343,0,Private
2344,2,Public
2345,0,Private
2346,1,Public
2347,2,Private
2348,1,Public
2349,1,Private
2350,1,Public
2351,0,Private
2352,2,Public
2353,2,Private
2354,1,Public
2355,1,Private
2356,2,Public
2357,1,Private
2358,1,Public
2359,0,Private
2360,1,Public
2361,0,Private
2362,2,Public
2363,0,Private
2364,2,Public
2365,2,Private
2366,2,Public
2367,2,Private
2368,1,Public
2369,1,Private
2370,2,Public
2371,2,Private
2372,0,Public
2373,0,Private
2374,2,Public
2375,2,Private
2376,1,Public
2377,0,Private
2378,2,Public
2379,1,Private
2380,2,Public
2381,1,Private
2382,1,Public
2383,1,Private
2384,1,Public
2385,0,Private
2386,0,Public
2387,0,Private
2388,2,Public
2389,2,Private
2390,2,Public
2391,1,Private
2392,0,Public
2393,1,Private
2394,1,Public
2395,0,Private
2396,1,Public
2397,0,Private
2398,2,Public
2399,2,Private
2400,2,Public
2401,0,Private
2402,2,Public
2403,1,Private
2404,2,Public
2405,2,Private
2406,2,Public
2407,2,Private
2408,0,Public
2409,0,Private
2410,2,Public
2411,0,Private
2412,0,Public
2413,0,Private
2414,2,Public
2415,2,Private
2416,2,Public
2417,0,Private
2418,1,Public
2419,1,Private
2420,2,Public
2421,1,Private
2422,1,Public
2423,1,Private
2424,2,Public
2425,0,Private
2426,2,Public
2427,0,Private
2428,1,Public
2429,2,Private
2430,1,Public
2431,0,Private
2432,2,Public
2433,0,Private
2434,1,Public
2435,0,Private
2436,0,Public
2437,0,Private
2438,1,Public
2439,0,Private
2440,2,Public
2441,0,Private
2442,0,Public
2443,0,Private
2444,0,Public
2445,0,Private
2446,1,Public
2447,2,Private
2448,1,Public
2449,1,Private
2450,0,Public
2451,0,Private
2452,2,Public
2453,0,Private
2454,1,Public
2455,0,Private
2456,2,Public
2457,2,Private
2458,0,Public
2459,2,Private
2460,1,Public
2461,2,Private
2462,1,Public
2463,0,Private
2464,1,Public
2465,2,Private
2466,1,Public
2467,1,Private
2468,2,Public
2469,2,Private
2470,1,Public
2471,0,Private
2472,0,Public
2473,0,Private
2474,1,Public
2475,1,Private
2476,1,Public
2477,0,Private
2478,2,Public
2479,2,Private
2480,2,Public
2481,0,Private
2482,1,Public
2483,0,Private
2484,0,Public
2485,1,Private
2486,2,Public
2487,1,Private
2488,0,Public
2489,2,Private
2490,2,Public
2491,2,Private
2492,2,Public
2493,2,Private
2494,0,Public
2495,1,Private
2496,1,Public
2497,2,Private
2498,0,Public
2499,1,Private
2500,2,Public
2501,2,Private
2502,0,Public
2503,2,Private
2504,2,Public
2505,2,Private
2506,0,Public
2507,1,Private
2508,0,Public
2509,2,Private
2510,1,Public
2511,1,Private
2512,0,Public
2513,2,Private
2514,2,Public
2515,0,Private
2516,1,Public
2517,2,Private
2518,0,Public
2519,1,Private
2520,1,Public
2521,0,Private
2522,2,Public
2523,0,Private
2524,1,Public
2525,1,Private
2526,2,Public
2527,1,Private
2528,2,Public
2529,0,Private
2530,2,Public
2531,0,Private
2532,2,Public
2533,0,Private
2534,0,Public
2535,1,Private
2536,0,Public
2537,1,Private
2538,1,Public
2539,2,Private
2540,2,Public
2541,2,Private
2542,1,Public
2543,0,Private
2544,0,Public
2545,1,Private
2546,0,Public
2547,1,Private
2548,0,Public
2549,1,Private
2550,2,Public
2551,2,Private
2552,2,Public
2553,1,Private
2554,2,Public
2555,1,Private
2556,2,Public
2557,1,Private
2558,2,Public
2559,2,Private
2560,2,Public
2561,1,Private
2562,2,Public
2563,2,Private
2564,2,Public
2565,1,Private
2566,2,Public
2567,0,Private
2568,1,Public
2569,2,Private
2570,2,Public
2571,1,Private
2572,2,Public
2573,0,Private
2574,0,Public
2575,1,Private
2576,2,Public
2577,2,Private
2578,0,Public
2579,0,Private
2580,2,Public
2581,0,Private
2582,2,Public
2583,0,Private
2584,1,Public
2585,0,Private
2586,1,Public
2587,0,Private
2588,1,Public
2589,0,Private
2590,2,Public
2591,2,Private
2592,1,Public
2593,2,Private
2594,2,Public
2595,2,Private
2596,0,Public
2597,1,Private
2598,2,Public
2599,2,Private
2600,2,Public
2601,2,Private
2602,2,Public
2603,0,Private
2604,1,Public
2605,1,Private
2606,2,Public
2607,2,Private
2608,2,Public
2609,0,Private
2610,0,Public
2611,0,Private
2612,2,Public
2613,1,Private
2614,2,Public
2615,1,Private
2616,2,Public
2617,1,Private
2618,0,Public
2619,1,Private
2620,1,Public
2621,0,Private
2622,2,Public
2623,1,Private
2624,2,Public
2625,2,Private
2626,1,Public
2627,1,Private
2628,2,Public
2629,2,Private
2630,2,Public
2631,1,Private
2632,0,Public
2633,2,Private
2634,1,Public
2635,1,Private
2636,0,Public
2637,0,Private
2638,2,Public
2639,0,Private
2640,2,Public
2641,1,Private
2642,2,Public
2643,2,Private
2644,0,Public
2645,2,Private
2646,1,Public
2647,1,Private
2648,0,Public
2649,2,Private
2650,2,Public
2651,1,Private
2652,2,Public
2653,0,Private
2654,2,Public
2655,1,Private
2656,0,Public
2657,0,Private
2658,2,Public
2659,0,Private
2660,1,Public
2661,1,Private
2662,0,Public
2663,0,Private
2664,2,Public
2665,0,Private
2666,2,Public
2667,2,Private
2668,1,Public
2669,0,Private
2670,0,Public
2671,1,Private
2672,2,Public
2673,2,Private
2674,1,Public
2675,1,Private
2676,0,Public
2677,0,Private
2678,2,Public
2679,0,Private
2680,2,Public
2681,0,Private
2682,1,Public
2683,1,Private
2684,1,Public
2685,1,Private
2686,1,Public
2687,0,Private
2688,1,Public
2689,0,Private
2690,2,Public
2691,0,Private
2692,0,Public
2693,2,Private
2694,2,Public
2695,2,Private
2696,2,Public
2697,1,Private
2698,1,Public
2699,1,Private
2700,0,Public
2701,1,Private
2702,1,Public
2703,1,Private
2704,1,Public
2705,0,Private
2706,2,Public
2707,2,Private
2708,1,Public
2709,1,Private
2710,1,Public
2711,0,Private
2712,2,Public
2713,2,Private
2714,0,Public
2715,1,Private
2716,2,Public
2717,0,Private
2718,1,Public
2719,0,Private
2720,2,Public
2721,1,Private
2722,1,Public
2723,1,Private
2724,2,Public
2725,1,Private
2726,1,Public
2727,1,Private
2728,1,Public
2729,2,Private
2730,1,Public
2731,0,Private
2732,2,Public
2733,2,Private
2734,1,Public
2735,2,Private
2736,0,Public
2737,1,Private
2738,2,Public
2739,2,Private
2740,0,Public
2741,2,Private
2742,2,Public
2743,1,Private
2744,1,Public
2745,1,Private
2746,0,Public
2747,0,Private
2748,2,Public
2749,0,Private
2750,2,Public
2751,2,Private
2752,0,Public
2753,2,Private
2754,1,Public
2755,2,Private
2756,2,Public
2757,2,Private
2758,1,Public
2759,0,Private
2760,1,Public
2761,1,Private
2762,1,Public
2763,1,Private
2764,1,Public
2765,2,Private
2766,0,Public
2767,2,Private
2768,2,Public
2769,2,Private
2770,1,Public
2771,2,Private
2772,1,Public
2773,0,Private
2774,2,Public
2775,1,Private
2776,2,Public
2777,1,Private
2778,2,Public
2779,2,Private
2780,2,Public
2781,2,Private
2782,2,Public
2783,2,Private
2784,1,Public
2785,1,Private
2786,1,Public
2787,0,Private
2788,2,Public
2789,1,Private
2790,0,Public
2791,2,Private
2792,2,Public
2793,2,Private
2794,1,Public
2795,2,Private
2796,1,Public
2797,0,Private
2798,0,Public
2799,2,Private
2800,2,Public
2801,2,Private
2802,1,Public
2803,1,Private
2804,2,Public
2805,2,Private
2806,0,Public
2807,1,Private
2808,0,Public
2809,1,Private
2810,1,Public
2811,1,Private
2812,1,Public
2813,1,Private
2814,2,Public
2815,2,Private
2816,1,Public
2817,2,Private
2818,1,Public
2819,0,Private
2820,1,Public
2821,1,Private
2822,0,Public
2823,0,Private
2824,0,Public
2825,2,Private
2826,2,Public
2827,0,Private
2828,1,Public
2829,2,Private
2830,1,Public
2831,0,Private
2832,1,Public
2833,1,Private
2834,1,Public
2835,2,Private
2836,0,Public
2837,1,Private
2838,0,Public
2839,2,Private
2840,0,Public
2841,1,Private
2842,0,Public
2843,1,Private
2844,1,Public
2845,0,Private
2846,1,Public
2847,2,Private
2848,2,Public
2849,1,Private
2850,0,Public
2851,2,Private
2852,0,Public
2853,2,Private
2854,1,Public
2855,2,Private
2856,2,Public
2857,1,Private
2858,2,Public
2859,0,Private
2860,0,Public
2861,2,Private
2862,2,Public
2863,1,Private
2864,2,Public
2865,1,Private
2866,2,Public
2867,2,Private
2868,1,Public
2869,0,Private
2870,1,Public
2871,0,Private
2872,0,Public
2873,2,Private
2874,0,Public
2875,2,Private
2876,2,Public
2877,0,Private
2878,2,Public
2879,0,Private
2880,0,Public
2881,2,Private
2882,2,Public
2883,2,Private
2884,0,Public
2885,2,Private
2886,0,Public
2887,2,Private
2888,1,Public
2889,2,Private
2890,2,Public
2891,2,Private
2892,0,Public
2893,2,Private
2894,2,Public
2895,0,Private
2896,1,Public
2897,0,Private
2898,2,Public
2899,2,Private
2900,0,Public
2901,0,Private
2902,0,Public
2903,1,Private
2904,2,Public
2905,2,Private
2906,1,Public
2907,1,Private
2908,2,Public
2909,0,Private
2910,2,Public
2911,0,Private
2912,0,Public
2913,1,Private
2914,2,Public
2915,0,Private
2916,2,Public
2917,0,Private
2918,1,Public
2919,2,Private
2920,0,Public
2921,1,Private
2922,2,Public
2923,0,Private
2924,0,Public
2925,2,Private
2926,0,Public
2927,1,Private
2928,2,Public
2929,2,Private
2930,0,Public
2931,1,Private
2932,1,Public
2933,2,Private
2934,2,Public
2935,1,Private
2936,1,Public
2937,2,Private
2938,1,Public
2939,2,Private
2940,1,Public
2941,0,Private
2942,0,Public
2943,1,Private
2944,1,Public
2945,1,Private
2946,1,Public
2947,2,Private
2948,2,Public
2949,0,Private
2950,2,Public
2951,2,Private
2952,1,Public
2953,0,Private
2954,2,Public
2955,2,Private
2956,1,Public
2957,1,Private
2958,1,Public
2959,2,Private
2960,1,Public
2961,1,Private
2962,1,Public
2963,0,Private
2964,2,Public
2965,2,Private
2966,1,Public
2967,2,Private
2968,2,Public
2969,2,Private
2970,2,Public
2971,1,Private
2972,2,Public
2973,0,Private
2974,1,Public
2975,1,Private
2976,2,Public
2977,2,Private
2978,2,Public
2979,0,Private
2980,2,Public
2981,2,Private
2982,0,Public
2983,1,Private
2984,0,Public
2985,1,Private
2986,1,Public
2987,2,Private
2988,0,Public
2989,0,Private
2990,1,Public
2991,2,Private
2992,2,Public
2993,1,Private
2994,2,Public
2995,1,Private
2996,2,Public
2997,2,Private
2998,0,Public
2999,2,Private
3000,1,Public
3001,2,Private
3002,0,Public
3003,0,Private
3004,1,Public
3005,2,Private
3006,0,Public
3007,1,Private
3008,0,Public
3009,2,Private
3010,2,Public
3011,1,Private
3012,0,Public
3013,2,Private
3014,2,Public
3015,2,Private
3016,2,Public
3017,0,Private
3018,2,Public
3019,0,Private
3020,1,Public
3021,2,Private
3022,1,Public
3023,2,Private
3024,1,Public
3025,2,Private
3026,1,Public
3027,2,Private
3028,2,Public
3029,0,Private
3030,1,Public
3031,2,Private
3032,0,Public
3033,2,Private
3034,1,Public
3035,1,Private
3036,1,Public
3037,0,Private
3038,1,Public
3039,2,Private
3040,0,Public
3041,2,Private
3042,1,Public
3043,0,Private
3044,1,Public
3045,0,Private
3046,0,Public
3047,0,Private
3048,0,Public
3049,0,Private
3050,0,Public
3051,1,Private
3052,2,Public
3053,2,Private
3054,1,Public
3055,0,Private
3056,0,Public
3057,0,Private
3058,2,Public
3059,2,Private
3060,1,Public
3061,1,Private
3062,2,Public
3063,0,Private
3064,2,Public
3065,2,Private
3066,0,Public
3067,0,Private
3068,0,Public
3069,0,Private
3070,1,Public
3071,1,Private
3072,1,Public
3073,0,Private
3074,2,Public
3075,2,Private
3076,0,Public
3077,1,Private
3078,2,Public
3079,1,Private
3080,1,Public
3081,2,Private
3082,2,Public
3083,0,Private
3084,1,Public
3085,0,Private
3086,1,Public
3087,0,Private
3088,0,Public
3089,1,Private
3090,1,Public
3091,0,Private
3092,0,Public
3093,1,Private
3094,1,Public
3095,2,Private
3096,2,Public
3097,1,Private
3098,0,Public
3099,2,Private
3100,0,Public
3101,1,Private
3102,2,Public
3103,2,Private
3104,2,Public
3105,2,Private
3106,1,Public
3107,2,Private
3108,2,Public
3109,1,Private
3110,0,Public
3111,2,Private
3112,1,Public
3113,0,Private
3114,2,Public
3115,2,Private
3116,2,Public
3117,0,Private
3118,2,Public
3119,2,Private
3120,0,Public
3121,1,Private
3122,0,Public
3123,0,Private
3124,2,Public
3125,1,Private
3126,2,Public
3127,2,Private
3128,1,Public
3129,2,Private
3130,0,Public
3131,2,Private
3132,0,Public
3133,1,Private
3134,1,Public
3135,2,Private
3136,2,Public
3137,2,Private
3138,2,Public
3139,0,Private
3140,0,Public
3141,1,Private
3142,0,Public
3143,0,Private
3144,2,Public
3145,2,Private
3146,2,Public
3147,0,Private
3148,2,Public
3149,0,Private
3150,2,Public
3151,2,Private
3152,1,Public
3153,0,Private
3154,0,Public
3155,1,Private
3156,0,Public
3157,2,Private
3158,2,Public
3159,1,Private
3160,0,Public
3161,2,Private
3162,2,Public
3163,0,Private
3164,1,Public
3165,1,Private
3166,2,Public
3167,1,Private
3168,1,Public
3169,1,Private
3170,0,Public
3171,0,Private
3172,2,Public
3173,0,Private
3174,1,Public
3175,2,Private
3176,2,Public
3177,1,Private
3178,1,Public
3179,1,Private
3180,2,Public
3181,0,Private
3182,2,Public
3183,2,Private
3184,1,Public
3185,2,Private
3186,0,Public
3187,1,Private
3188,2,Public
3189,2,Private
3190,2,Public
3191,1,Private
3192,1,Public
3193,0,Private
3194,1,Public
3195,1,Private
3196,2,Public
3197,0,Private
3198,1,Public
3199,1,Private
3200,2,Public
3201,1,Private
3202,0,Public
3203,1,Private
3204,2,Public
3205,2,Private
3206,0,Public
3207,2,Private
3208,2,Public
3209,2,Private
3210,2,Public
3211,2,Private
3212,1,Public
3213,0,Private
3214,1,Public
3215,0,Private
3216,1,Public
3217,0,Private
3218,0,Public
3219,2,Private
3220,1,Public
3221,2,Private
3222,2,Public
3223,1,Private
3224,1,Public
3225,0,Private
3226,0,Public
3227,2,Private
3228,0,Public
3229,0,Private
3230,0,Public
3231,1,Private
3232,2,Public
3233,2,Private
3234,1,Public
3235,0,Private
3236,2,Public
3237,2,Private
3238,2,Public
3239,2,Private
3240,2,Public
3241,1,Private
3242,0,Public
3243,1,Private
3244,1,Public
3245,1,Private
3246,1,Public
3247,2,Private
3248,0,Public
3249,0,Private
3250,2,Public
3251,1,Private
3252,0,Public
3253,2,Private
3254,2,Public
3255,0,Private
3256,1,Public
3257,0,Private
3258,0,Public
3259,2,Private
3260,1,Public
3261,1,Private
3262,2,Public
3263,2,Private
3264,2,Public
3265,2,Private
3266,0,Public
3267,2,Private
3268,2,Public
3269,2,Private
3270,1,Public
3271,0,Private
3272,1,Public
3273,0,Private
3274,1,Public
3275,0,Private
3276,2,Public
3277,0,Private
3278,1,Public
3279,1,Private
3280,2,Public
3281,2,Private
3282,0,Public
3283,1,Private
3284,2,Public
3285,0,Private
3286,0,Public
3287,2,Private
3288,1,Public
3289,1,Private
3290,2,Public
3291,2,Private
3292,0,Public
3293,2,Private
3294,0,Public
3295,1,Private
3296,0,Public
3297,0,Private
3298,1,Public
3299,2,Private
3300,1,Public
3301,2,Private
3302,2,Public
3303,1,Private
3304,2,Public
3305,2,Private
3306,2,Public
3307,1,Private
3308,0,Public
3309,2,Private
3310,2,Public
3311,2,Private
3312,2,Public
3313,0,Private
3314,2,Public
3315,1,Private
3316,0,Public
3317,1,Private
3318,2,Public
3319,2,Private
3320,0,Public
3321,0,Private
3322,0,Public
3323,1,Private
3324,0,Public
3325,2,Private
3326,1,Public
3327,0,Private
3328,2,Public
3329,2,Private
3330,2,Public
3331,2,Private
3332,1,Public
3333,1,Private
3334,2,Public
3335,2,Private
3336,2,Public
3337,2,Private
3338,0,Public
3339,2,Private
3340,0,Public
3341,2,Private
3342,1,Public
3343,2,Private
3344,2,Public
3345,0,Private
3346,2,Public
3347,2,Private
3348,0,Public
3349,2,Private
3350,1,Public
3351,0,Private
3352,2,Public
3353,0,Private
3354,2,Public
3355,2,Private
3356,1,Public
3357,0,Private
3358,2,Public
3359,1,Private
3360,0,Public
3361,2,Private
3362,0,Public
3363,1,Private
3364,1,Public
3365,1,Private
3366,2,Public
3367,0,Private
3368,2,Public
3369,2,Private
3370,1,Public
3371,0,Private
3372,1,Public
3373,0,Private
3374,2,Public
3375,1,Private
3376,1,Public
3377,2,Private
3378,2,Public
3379,1,Private
3380,2,Public
3381,2,Private
3382,2,Public
3383,0,Private
3384,2,Public
3385,1,Private
3386,2,Public
3387,2,Private
3388,2,Public
3389,1,Private
3390,2,Public
3391,2,Private
3392,1,Public
3393,0,Private
3394,1,Public
3395,2,Private
3396,2,Public
3397,2,Private
3398,2,Public
3399,0,Private
3400,1,Public
3401,0,Private
3402,1,Public
3403,0,Private
3404,2,Public
3405,2,Private
3406,2,Public
3407,1,Private
3408,1,Public
3409,2,Private
3410,1,Public
3411,0,Private
3412,0,Public
3413,0,Private
3414,0,Public
3415,0,Private
3416,2,Public
3417,2,Private
3418,1,Public
3419,1,Private
3420,2,Public
3421,0,Private
3422,2,Public
3423,2,Private
3424,0,Public
3425,0,Private
3426,2,Public
3427,0,Private
3428,2,Public
3429,1,Private
3430,1,Public
3431,2,Private
3432,1,Public
3433,1,Private
3434,2,Public
3435,2,Private
3436,2,Public
3437,2,Private
3438,2,Public
3439,0,Private
3440,1,Public
3441,2,Private
3442,2,Public
3443,1,Private
3444,0,Public
3445,1,Private
3446,0,Public
3447,1,Private
3448,2,Public
3449,2,Private
3450,2,Public
3451,0,Private
3452,2,Public
3453,0,Private
3454,2,Public
3455,2,Private
3456,2,Public
3457,0,Private
3458,2,Public
3459,2,Private
3460,0,Public
3461,1,Private
3462,1,Public
3463,1,Private
3464,2,Public
3465,2,Private
3466,1,Public
3467,2,Private
3468,0,Public
3469,0,Private
3470,2,Public
3471,0,Private
3472,0,Public
3473,1,Private
3474,2,Public
3475,2,Private
3476,0,Public
3477,1,Private
3478,0,Public
3479,0,Private
3480,0,Public
3481,1,Private
3482,0,Public
3483,0,Private
3484,1,Public
3485,2,Private
3486,2,Public
3487,0,Private
3488,0,Public
3489,2,Private
3490,1,Public
3491,1,Private
3492,1,Public
3493,0,Private
3494,0,Public
3495,0,Private
3496,1,Public
3497,1,Private
3498,2,Public
3499,2,Private
3500,2,Public
3501,2,Private
3502,0,Public
3503,0,Private
3504,1,Public
3505,2,Private
3506,2,Public
3507,2,Private
3508,2,Public
3509,2,Private
3510,2,Public
3511,0,Private
3512,0,Public
3513,2,Private
3514,2,Public
3515,2,Private
3516,0,Public
3517,1,Private
3518,1,Public
3519,1,Private
3520,1,Public
3521,2,Private
3522,2,Public
3523,1,Private
3524,0,Public
3525,2,Private
3526,2,Public
3527,2,Private
3528,2,Public
3529,2,Private
3530,2,Public
3531,2,Private
3532,0,Public
3533,0,Private
3534,2,Public
3535,2,Private
3536,2,Public
3537,0,Private
3538,2,Public
3539,2,Private
3540,0,Public
3541,2,Private
3542,2,Public
3543,2,Private
3544,1,Public
3545,1,Private
3546,2,Public
3547,0,Private
3548,2,Public
3549,2,Private
3550,1,Public
3551,0,Private
3552,2,Public
3553,1,Private
3554,0,Public
3555,2,Private
3556,1,Public
3557,2,Private
3558,2,Public
3559,1,Private
3560,0,Public
3561,0,Private
3562,2,Public
3563,0,Private
3564,2,Public
3565,1,Private
3566,0,Public
3567,1,Private
3568,2,Public
3569,0,Private
3570,0,Public
3571,1,Private
3572,0,Public
3573,0,Private
3574,2,Public
3575,0,Private
3576,0,Public
3577,1,Private
3578,1,Public
3579,0,Private
3580,0,Public
3581,2,Private
3582,0,Public
3583,0,Private
3584,1,Public
3585,2,Private
3586,1,Public
3587,2,Private
3588,1,Public
3589,1,Private
3590,0,Public
3591,1,Private
3592,2,Public
3593,2,Private
3594,0,Public
3595,2,Private
3596,0,Public
3597,0,Private
3598,2,Public
3599,2,Private
3600,1,Public
3601,1,Private
3602,0,Public
3603,1,Private
3604,2,Public
3605,0,Private
3606,0,Public
3607,0,Private
3608,0,Public
3609,1,Private
3610,1,Public
3611,1,Private
3612,0,Public
3613,1,Private
3614,2,Public
3615,0,Private
3616,0,Public
3617,0,Private
3618,0,Public
3619,1,Private
3620,0,Public
3621,2,Private
3622,2,Public
3623,1,Private
3624,2,Public
3625,1,Private
3626,2,Public
3627,1,Private
3628,1,Public
3629,2,Private
3630,2,Public
3631,1,Private
3632,1,Public
3633,2,Private
3634,2,Public
3635,0,Private
3636,0,Public
3637,2,Private
3638,0,Public
3639,0,Private
3640,1,Public
3641,1,Private
3642,0,Public
3643,0,Private
3644,0,Public
3645,0,Private
3646,1,Public
3647,0,Private
3648,1,Public
3649,2,Private
3650,0,Public
3651,2,Private
3652,2,Public
3653,1,Private
3654,2,Public
3655,1,Private
3656,2,Public
3657,0,Private
3658,0,Public
3659,2,Private
3660,2,Public
3661,2,Private
3662,2,Public
3663,1,Private
3664,1,Public
3665,2,Private
3666,0,Public
3667,1,Private
3668,1,Public
3669,2,Private
3670,0,Public
3671,2,Private
3672,0,Public
3673,0,Private
3674,2,Public
3675,2,Private
3676,1,Public
3677,1,Private
3678,0,Public
3679,2,Private
3680,0,Public
3681,1,Private
3682,1,Public
3683,2,Private
3684,0,Public
3685,1,Private
3686,1,Public
3687,1,Private
3688,2,Public
3689,1,Private
3690,2,Public
3691,0,Private
3692,0,Public
3693,1,Private
3694,0,Public
3695,2,Private
3696,2,Public
3697,0,Private
3698,2,Public
3699,1,Private
3700,0,Public
3701,1,Private
3702,0,Public
3703,0,Private
3704,0,Public
3705,1,Private
3706,1,Public
3707,1,Private
3708,0,Public
3709,2,Private
3710,1,Public
3711,2,Private
3712,2,Public
3713,0,Private
3714,0,Public
3715,0,Private
3716,2,Public
3717,2,Private
3718,2,Public
3719,2,Private
3720,2,Public
3721,2,Private
3722,2,Public
3723,2,Private
3724,1,Public
3725,2,Private
3726,1,Public
3727,2,Private
3728,1,Public
3729,0,Private
3730,2,Public
3731,2,Private
3732,0,Public
3733,1,Private
3734,1,Public
3735,2,Private
3736,2,Public
3737,2,Private
3738,2,Public
3739,1,Private
3740,0,Public
3741,1,Private
3742,2,Public
3743,1,Private
3744,0,Public
3745,0,Private
3746,2,Public
3747,2,Private
3748,2,Public
3749,1,Private
3750,2,Public
3751,2,Private
3752,1,Public
3753,0,Private
3754,2,Public
3755,2,Private
3756,1,Public
3757,0,Private
3758,2,Public
3759,1,Private
3760,1,Public
3761,1,Private
3762,1,Public
3763,2,Private
3764,1,Public
3765,0,Private
3766,2,Public
3767,0,Private
3768,1,Public
3769,2,Private
3770,2,Public
3771,1,Private
3772,0,Public
3773,2,Private
3774,0,Public
3775,1,Private
3776,0,Public
3777,0,Private
3778,0,Public
3779,1,Private
3780,0,Public
3781,2,Private
3782,1,Public
3783,1,Private
3784,2,Public
3785,1,Private
3786,2,Public
3787,1,Private
3788,1,Public
3789,2,Private
3790,2,Public
3791,1,Private
3792,0,Public
3793,0,Private
3794,1,Public
3795,1,Private
3796,1,Public
3797,2,Private
3798,1,Public
3799,1,Private
3800,1,Public
3801,1,Private
3802,1,Public
3803,0,Private
3804,1,Public
3805,1,Private
3806,0,Public
3807,0,Private
3808,0,Public
3809,1,Private
3810,0,Public
3811,1,Private
3812,0,Public
3813,0,Private
3814,0,Public
3815,0,Private
3816,2,Public
3817,2,Private
3818,1,Public
3819,2,Private
3820,2,Public
3821,1,Private
3822,1,Public
3823,1,Private
3824,0,Public
3825,0,Private
3826,1,Public
3827,2,Private
3828,1,Public
3829,1,Private
3830,2,Public
3831,0,Private
3832,2,Public
3833,1,Private
3834,1,Public
3835,0,Private
3836,1,Public
3837,0,Private
3838,2,Public
3839,2,Private
3840,2,Public
3841,2,Private
3842,2,Public
3843,2,Private
3844,2,Public
3845,0,Private
3846,2,Public
3847,1,Private
3848,1,Public
3849,1,Private
3850,0,Public
3851,2,Private
3852,1,Public
3853,1,Private
3854,2,Public
3855,1,Private
3856,2,Public
3857,1,Private
3858,0,Public
3859,0,Private
3860,2,Public
3861,2,Private
3862,2,Public
3863,2,Private
3864,2,Public
3865,0,Private
3866,0,Public
3867,1,Private
3868,0,Public
3869,1,Private
3870,0,Public
3871,1,Private
3872,1,Public
3873,2,Private
3874,1,Public
3875,1,Private
3876,0,Public
3877,2,Private
3878,1,Public
3879,1,Private
3880,0,Public
3881,1,Private
3882,1,Public
3883,2,Private
3884,0,Public
3885,2,Private
3886,0,Public
3887,2,Private
3888,0,Public
3889,2,Private
3890,0,Public
3891,0,Private
3892,1,Public
3893,2,Private
3894,1,Public
3895,0,Private
3896,0,Public
3897,2,Private
3898,0,Public
3899,1,Private
3900,0,Public
3901,2,Private
3902,2,Public
3903,2,Private
3904,0,Public
3905,0,Private
3906,1,Public
3907,1,Private
3908,0,Public
3909,2,Private
3910,0,Public
3911,0,Private
3912,2,Public
3913,2,Private
3914,1,Public
3915,0,Private
3916,2,Public
3917,0,Private
3918,2,Public
3919,0,Private
3920,0,Public
3921,2,Private
3922,0,Public
3923,1,Private
3924,1,Public
3925,2,Private
3926,0,Public
3927,0,Private
3928,2,Public
3929,2,Private
3930,1,Public
3931,2,Private
3932,0,Public
3933,0,Private
3934,2,Public
3935,2,Private
3936,2,Public
3937,0,Private
3938,0,Public
3939,1,Private
3940,0,Public
3941,2,Private
3942,0,Public
3943,1,Private
3944,2,Public
3945,1,Private
3946,1,Public
3947,2,Private
3948,2,Public
3949,1,Private
3950,0,Public
3951,2,Private
3952,0,Public
3953,0,Private
3954,0,Public
3955,2,Private
3956,2,Public
3957,0,Private
3958,2,Public
3959,2,Private
3960,0,Public
3961,2,Private
3962,1,Public
3963,2,Private
3964,2,Public
3965,1,Private
3966,0,Public
3967,1,Private
3968,2,Public
3969,2,Private
3970,0,Public
3971,1,Private
3972,2,Public
3973,1,Private
3974,0,Public
3975,0,Private
3976,2,Public
3977,0,Private
3978,0,Public
3979,0,Private
3980,2,Public
3981,2,Private
3982,2,Public
3983,2,Private
3984,2,Public
3985,0,Private
3986,2,Public
3987,2,Private
3988,2,Public
3989,1,Private
3990,2,Public
3991,1,Private
3992,0,Public
3993,0,Private
3994,1,Public
3995,2,Private
3996,1,Public
3997,0,Private
3998,1,Public
3999,0,Private
4000,2,Public
4001,1,Private
4002,1,Public
4003,0,Private
4004,2,Public
4005,1,Private
4006,0,Public
4007,2,Private
4008,0,Public
4009,0,Private
4010,2,Public
4011,1,Private
4012,2,Public
4013,0,Private
4014,1,Public
4015,1,Private
4016,0,Public
4017,2,Private
4018,2,Public
4019,2,Private
4020,0,Public
4021,1,Private
4022,0,Public
4023,0,Private
4024,2,Public
4025,1,Private
4026,1,Public
4027,2,Private
4028,0,Public
4029,2,Private
4030,0,Public
4031,1,Private
4032,2,Public
4033,2,Private
4034,1,Public
4035,2,Private
4036,0,Public
4037,1,Private
4038,0,Public
4039,2,Private
4040,2,Public
4041,2,Private
4042,1,Public
4043,0,Private
4044,2,Public
4045,0,Private
4046,1,Public
4047,2,Private
4048,2,Public
4049,1,Private
4050,2,Public
4051,0,Private
4052,2,Public
4053,0,Private
4054,1,Public
4055,1,Private
4056,0,Public
4057,0,Private
4058,0,Public
4059,2,Private
4060,0,Public
4061,1,Private
4062,1,Public
4063,0,Private
4064,0,Public
4065,1,Private
4066,2,Public
4067,1,Private
4068,0,Public
4069,2,Private
4070,1,Public
4071,2,Private
4072,1,Public
4073,1,Private
4074,1,Public
4075,1,Private
4076,2,Public
4077,2,Private
4078,2,Public
4079,1,Private
4080,1,Public
4081,2,Private
4082,0,Public
4083,2,Private
4084,2,Public
4085,2,Private
4086,2,Public
4087,2,Private
4088,2,Public
4089,0,Private
4090,2,Public
4091,1,Private
4092,1,Public
4093,0,Private
4094,2,Public
4095,1,Private
4096,2,Public
4097,0,Private
4098,0,Public
4099,1,Private
4100,1,Public
4101,0,Private
4102,2,Public
4103,0,Private
4104,0,Public
4105,2,Private
4106,2,Public
4107,0,Private
4108,0,Public
4109,2,Private
4110,1,Public
4111,1,Private
4112,0,Public
4113,1,Private
4114,1,Public
4115,1,Private
4116,0,Public
4117,0,Private
4118,0,Public
4119,0,Private
4120,2,Public
4121,0,Private
4122,1,Public
4123,0,Private
4124,0,Public
4125,0,Private
4126,1,Public
4127,1,Private
4128,2,Public
4129,0,Private
4130,2,Public
4131,0,Private
4132,2,Public
4133,2,Private
4134,1,Public
4135,2,Private
4136,2,Public
4137,2,Private
4138,2,Public
4139,0,Private
4140,2,Public
4141,0,Private
4142,1,Public
4143,2,Private
4144,1,Public
4145,1,Private
4146,1,Public
4147,1,Private
4148,2,Public
4149,2,Private
4150,2,Public
4151,0,Private
4152,0,Public
4153,1,Private
4154,2,Public
4155,1,Private
4156,0,Public
4157,1,Private
4158,1,Public
4159,0,Private
4160,2,Public
4161,2,Private
4162,0,Public
4163,0,Private
4164,1,Public
4165,0,Private
4166,2,Public
4167,1,Private
4168,1,Public
4169,2,Private
4170,2,Public
4171,2,Private
4172,0,Public
4173,1,Private
4174,1,Public
4175,2,Private
4176,1,Public
4177,1,Private
4178,2,Public
4179,2,Private
4180,0,Public
4181,2,Private
4182,2,Public
4183,2,Private
4184,2,Public
4185,2,Private
4186,2,Public
4187,1,Private
4188,1,Public
4189,2,Private
4190,1,Public
4191,1,Private
4192,1,Public
4193,2,Private
4194,2,Public
4195,2,Private
4196,2,Public
4197,0,Private
4198,0,Public
4199,1,Private
4200,1,Public
4201,0,Private
4202,2,Public
4203,1,Private
4204,1,Public
4205,2,Private
4206,2,Public
4207,2,Private
4208,2,Public
4209,2,Private
4210,1,Public
4211,2,Private
4212,0,Public
4213,1,Private
4214,0,Public
4215,1,Private
4216,0,Public
4217,1,Private
4218,2,Public
4219,2,Private
4220,2,Public
4221,1,Private
4222,0,Public
4223,1,Private
4224,0,Public
4225,2,Private
4226,1,Public
4227,0,Private
4228,2,Public
4229,0,Private
4230,2,Public
4231,1,Private
4232,0,Public
4233,1,Private
4234,2,Public
4235,2,Private
4236,1,Public
4237,0,Private
4238,1,Public
4239,2,Private
4240,1,Public
4241,1,Private
4242,2,Public
4243,2,Private
4244,2,Public
4245,2,Private
4246,2,Public
4247,2,Private
4248,2,Public
4249,1,Private
4250,0,Public
4251,0,Private
4252,1,Public
4253,2,Private
4254,1,Public
4255,2,Private
4256,2,Public
4257,0,Private
4258,1,Public
4259,1,Private
4260,2,Public
4261,2,Private
4262,2,Public
4263,1,Private
4264,2,Public
4265,0,Private
4266,2,Public
4267,0,Private
4268,2,Public
4269,2,Private
4270,2,Public
4271,2,Private
4272,1,Public
4273,0,Private
4274,2,Public
4275,0,Private
4276,0,Public
4277,1,Private
4278,1,Public
4279,2,Private
4280,2,Public
4281,1,Private
4282,0,Public
4283,0,Private
4284,0,Public
4285,2,Private
4286,2,Public
4287,1,Private
4288,2,Public
4289,1,Private
4290,1,Public
4291,2,Private
4292,0,Public
4293,0,Private
4294,1,Public
4295,2,Private
4296,2,Public
4297,2,Private
4298,2,Public
4299,0,Private
4300,0,Public
4301,1,Private
4302,2,Public
4303,1,Private
4304,2,Public
4305,1,Private
4306,0,Public
4307,1,Private
4308,2,Public
4309,1,Private
4310,2,Public
4311,0,Private
4312,2,Public
4313,0,Private
4314,1,Public
4315,0,Private
4316,1,Public
4317,1,Private
4318,0,Public
4319,2,Private
4320,1,Public
